{"cameraMode":{"drawMode":0,"name":"Shaded","section":"Shading Mode"},"sceneLighting":true,"audioPlay":false,"sceneViewState":{"showFog":true,"showMaterialUpdate":true,"showSkybox":true,"showFlares":true,"showImageEffects":true,"showParticleSystems":true},"in2DMode":false,"pivot":{"x":-5.960464477539063e-8,"y":0.869835615158081,"z":-0.008967667818069458},"rotation":{"x":0.04228902608156204,"y":0.019789427518844606,"z":-0.000836793624330312,"w":0.998909056186676},"size":2.403864860534668,"orthographic":true}