{"cameraMode":{"drawMode":0,"name":"Shaded","section":"Shading Mode"},"sceneLighting":true,"audioPlay":false,"sceneViewState":{"showFog":true,"showMaterialUpdate":true,"showSkybox":true,"showFlares":true,"showImageEffects":true,"showParticleSystems":true},"in2DMode":false,"pivot":{"x":-2.0463333129882814,"y":-1.9790081977844239,"z":4.830373287200928},"rotation":{"x":-0.15431863069534303,"y":0.3835497498512268,"z":-0.06517162919044495,"w":-0.9082005023956299},"size":17.73197364807129,"orthographic":true}