{"cameraMode":{"drawMode":0,"name":"Shaded","section":"Shading Mode"},"sceneLighting":false,"audioPlay":false,"sceneViewState":{"showFog":true,"showMaterialUpdate":true,"showSkybox":true,"showFlares":true,"showImageEffects":true,"showParticleSystems":true},"in2DMode":false,"pivot":{"x":-1.1846919059753419,"y":0.8664001226425171,"z":0.9808505177497864},"rotation":{"x":-0.030139843001961709,"y":-0.1041647270321846,"z":0.0031582736410200598,"w":-0.9940983057022095},"size":1.181752324104309,"orthographic":true}